City_ID,City,Country,Date,Lat,Lng,Max Temp,Humidity,Cloudiness,Wind Speed
0,Longyearbyen,SJ,2020-11-28 05:22:56,78.22,15.64,28.4,79,90,40.26
1,Lebu,CL,2020-11-28 05:22:56,-37.62,-73.65,51.75,90,100,3.47
2,Airai,TL,2020-11-28 05:22:56,-8.93,125.41,81.23,47,30,4.07
3,Hithadhoo,MV,2020-11-28 05:22:56,-0.6,73.08,81.77,72,31,7.92
4,Port Alfred,ZA,2020-11-28 05:22:56,-33.59,26.89,67.14,73,66,21.21
5,New Norfolk,AU,2020-11-28 05:22:56,-42.78,147.06,78.01,30,72,3.0
6,Vaini,TO,2020-11-28 05:22:57,-21.2,-175.2,78.8,88,75,14.99
7,Nome,US,2020-11-28 05:22:57,64.5,-165.41,21.2,79,90,8.05
8,Jamestown,US,2020-11-28 05:19:59,42.1,-79.24,41.0,100,90,9.17
9,Bredasdorp,ZA,2020-11-28 05:22:57,-34.53,20.04,64.4,72,100,5.82
10,Datong,CN,2020-11-28 05:22:57,40.09,113.29,21.87,86,45,3.87
11,Butaritari,KI,2020-11-28 05:22:57,3.07,172.79,82.56,78,46,13.8
12,Albany,US,2020-11-28 05:22:30,42.6,-73.97,46.0,77,91,3.11
13,Saskylakh,RU,2020-11-28 05:22:57,71.92,114.08,8.11,93,63,11.14
14,Rikitea,PF,2020-11-28 05:22:57,-23.12,-134.97,76.15,76,75,14.56
15,Tiksi,RU,2020-11-28 05:22:58,71.69,128.87,-0.87,91,83,7.05
16,Atuona,PF,2020-11-28 05:22:58,-9.8,-139.03,78.69,72,60,21.03
17,Sahbuz,AZ,2020-11-28 05:22:58,39.41,45.57,30.2,74,75,4.7
18,Maldonado,UY,2020-11-28 05:20:26,-34.67,-54.92,66.2,88,0,14.99
19,Busselton,AU,2020-11-28 05:22:58,-33.65,115.33,68.0,52,0,4.0
20,Mataura,NZ,2020-11-28 05:22:58,-46.19,168.86,53.01,76,100,5.01
21,Ribeira Grande,PT,2020-11-28 05:22:58,38.52,-28.7,56.03,67,53,21.56
22,Kapaa,US,2020-11-28 05:19:45,22.08,-159.32,77.0,65,1,20.8
23,Assomada,CV,2020-11-28 05:22:58,15.1,-23.68,75.2,64,75,16.11
24,Ushuaia,AR,2020-11-28 05:22:31,-54.8,-68.3,35.6,94,40,4.7
25,Cape Town,ZA,2020-11-28 05:22:17,-33.93,18.42,64.99,68,20,24.16
26,Torbay,CA,2020-11-28 05:22:59,47.67,-52.73,50.0,93,90,19.46
27,Yellowknife,CA,2020-11-28 05:22:59,62.46,-114.35,-5.8,76,40,9.17
28,Shelburne,CA,2020-11-28 05:20:55,44.08,-80.2,39.0,100,100,10.04
29,Igarka,RU,2020-11-28 05:22:59,67.47,86.58,3.81,94,98,9.46
30,Zdvinsk,RU,2020-11-28 05:22:59,54.7,78.66,5.95,94,7,7.18
31,Banda Aceh,ID,2020-11-28 05:22:59,5.56,95.32,82.35,71,99,7.31
32,Shitanjing,CN,2020-11-28 05:22:59,39.23,106.34,25.12,82,45,2.26
33,Gorontalo,ID,2020-11-28 05:20:46,0.54,123.06,84.69,78,93,3.8
34,Punta Arenas,CL,2020-11-28 05:23:00,-53.15,-70.92,35.6,72,75,28.86
35,Viransehir,TR,2020-11-28 05:23:00,37.24,39.76,48.27,60,73,11.59
36,Cidreira,BR,2020-11-28 05:23:00,-30.18,-50.21,71.73,91,92,18.05
37,Saint Anthony,US,2020-11-28 05:23:00,45.02,-93.22,34.0,82,1,9.17
38,Lorengau,PG,2020-11-28 05:23:00,-2.02,147.27,84.67,73,99,4.52
39,Puerto Ayora,EC,2020-11-28 05:22:03,-0.74,-90.35,69.01,94,77,5.99
40,Port-Cartier,CA,2020-11-28 05:23:00,50.03,-66.87,33.8,86,24,5.82
41,Salinopolis,BR,2020-11-28 05:23:01,-0.61,-47.36,78.73,86,95,9.24
42,Altay,CN,2020-11-28 05:23:01,47.87,88.12,24.6,79,11,3.56
43,Bubaque,GW,2020-11-28 05:23:01,11.28,-15.83,81.34,42,0,13.78
44,Launceston,AU,2020-11-28 05:23:01,-41.45,147.17,60.01,87,90,9.17
45,Khatanga,RU,2020-11-28 05:23:01,71.97,102.5,14.7,96,100,16.37
46,Chuy,UY,2020-11-28 05:23:01,-33.7,-53.46,63.48,92,16,9.86
47,Talnakh,RU,2020-11-28 05:23:01,69.49,88.4,10.4,85,40,22.37
48,Cap Malheureux,MU,2020-11-28 05:23:01,-19.98,57.61,72.0,88,2,3.0
49,Padang,ID,2020-11-28 05:23:02,-0.95,100.35,78.37,78,100,2.19
50,Hofn,IS,2020-11-28 05:23:02,64.25,-15.21,36.14,76,0,17.05
51,Hamilton,US,2020-11-28 05:23:02,39.18,-84.53,45.0,75,1,6.93
52,Cuamba,MZ,2020-11-28 05:23:02,-14.8,36.54,80.91,48,55,3.11
53,Richards Bay,ZA,2020-11-28 05:23:02,-28.78,32.04,70.18,72,97,11.1
54,Souillac,MU,2020-11-28 05:23:02,-20.52,57.52,73.4,88,75,10.29
55,Kaohsiung,TW,2020-11-28 05:23:02,22.62,120.31,80.6,57,75,8.05
56,Sitka,US,2020-11-28 05:23:03,57.05,-135.33,37.4,86,90,10.29
57,Rocha,UY,2020-11-28 05:21:26,-34.48,-54.33,59.31,96,2,9.55
58,Campbell River,CA,2020-11-28 05:23:03,50.02,-125.24,39.99,100,40,3.36
59,Naro Moru,KE,2020-11-28 05:23:03,-0.17,37.02,60.21,87,45,2.55
60,Pedernales,DO,2020-11-28 05:23:03,18.04,-71.74,75.67,60,1,4.76
61,Provideniya,RU,2020-11-28 05:23:03,64.38,-173.3,22.21,91,72,6.96
62,Rincon,US,2020-11-28 05:23:03,32.3,-81.24,60.8,87,75,3.36
63,Tura,IN,2020-11-28 05:23:03,25.52,90.22,78.55,45,3,0.76
64,Cherskiy,RU,2020-11-28 05:23:03,68.75,161.3,1.47,90,19,6.04
65,Kodiak,US,2020-11-28 05:23:04,57.79,-152.41,39.2,86,90,27.51
66,Chokurdakh,RU,2020-11-28 05:23:04,70.63,147.92,-10.14,92,98,4.59
67,Ahipara,NZ,2020-11-28 05:18:23,-35.17,173.17,62.55,61,0,11.3
68,Alice Springs,AU,2020-11-28 05:21:11,-23.7,133.88,109.4,8,0,11.41
69,Kavieng,PG,2020-11-28 05:23:04,-2.57,150.8,81.64,83,99,16.04
70,Bima,ID,2020-11-28 05:23:04,-8.47,118.72,89.13,64,65,1.36
71,Svetlyy,RU,2020-11-28 05:23:04,54.67,20.13,37.99,83,40,11.18
72,Hilo,US,2020-11-28 05:23:04,19.73,-155.09,77.0,65,20,4.7
73,Meulaboh,ID,2020-11-28 05:23:04,4.14,96.13,81.32,82,83,8.9
74,Bridgend,GB,2020-11-28 05:23:05,51.51,-3.58,46.99,93,100,12.75
75,Faanui,PF,2020-11-28 05:23:05,-16.48,-151.75,81.5,70,36,1.23
76,Ponta Do Sol,PT,2020-11-28 05:23:05,32.67,-17.1,59.0,77,20,5.82
77,Seka,TH,2020-11-28 05:23:05,17.93,103.96,83.53,46,6,6.89
78,Nikolskoye,RU,2020-11-28 05:23:05,59.7,30.79,35.6,80,90,11.18
79,Hermanus,ZA,2020-11-28 05:23:05,-34.42,19.23,64.0,82,100,12.82
80,Ust-Kuyga,RU,2020-11-28 05:23:05,70.02,135.6,-4.43,91,100,1.19
81,Isangel,VU,2020-11-28 05:23:05,-19.55,169.27,82.4,61,40,9.17
82,Fairbanks,US,2020-11-28 05:23:05,64.84,-147.72,8.6,78,75,3.36
83,Tuktoyaktuk,CA,2020-11-28 05:23:05,69.45,-133.04,5.0,84,90,3.36
84,Flin Flon,CA,2020-11-28 05:23:06,54.77,-101.86,20.7,96,30,6.6
85,Barrow,US,2020-11-28 05:21:20,71.29,-156.79,1.4,77,1,11.41
86,Saint-Pierre,RE,2020-11-28 05:23:06,-21.34,55.48,80.6,65,0,17.22
87,Harpenden,GB,2020-11-28 05:23:06,51.82,-0.36,45.0,100,90,5.82
88,Hasaki,JP,2020-11-28 05:23:06,35.73,140.83,61.0,41,20,14.99
89,Kalino,RU,2020-11-28 05:23:06,58.25,57.61,7.54,94,16,3.29
90,Carnarvon,AU,2020-11-28 05:23:07,-24.87,113.63,77.0,50,0,25.28
91,Leticia,CO,2020-11-28 05:18:27,-4.22,-69.94,73.4,100,75,3.36
92,Upata,VE,2020-11-28 05:23:07,8.01,-62.4,70.7,96,98,2.21
93,Melfi,IT,2020-11-28 05:23:07,41.0,15.65,48.99,100,75,5.82
94,Waipawa,NZ,2020-11-28 05:23:07,-41.41,175.52,59.0,67,50,21.92
95,Kruisfontein,ZA,2020-11-28 05:23:07,-34.0,24.73,64.99,75,74,3.0
96,Deputatskiy,RU,2020-11-28 05:23:07,69.3,139.9,-9.99,91,91,4.38
97,High Level,CA,2020-11-28 05:23:07,58.52,-117.14,5.0,92,5,3.36
98,College,US,2020-11-28 05:23:08,64.86,-147.8,8.6,78,75,3.36
99,Qaanaaq,GL,2020-11-28 05:23:08,77.48,-69.36,-1.44,83,100,6.64
100,Port Elizabeth,ZA,2020-11-28 05:23:08,-33.92,25.57,66.2,72,20,10.29
101,Norman Wells,CA,2020-11-28 05:23:08,65.28,-126.83,-4.0,83,20,5.82
102,Luderitz,NA,2020-11-28 05:23:09,-26.65,15.16,59.0,82,0,8.05
103,Hengyang,CN,2020-11-28 05:23:09,26.89,112.61,46.11,80,100,9.08
104,Drezdenko,PL,2020-11-28 05:23:09,52.84,15.83,33.39,94,5,4.81
105,Sao Paulo De Olivenca,BR,2020-11-28 05:23:09,-3.38,-68.87,74.21,92,90,1.21
106,Vanimo,PG,2020-11-28 05:23:09,-2.67,141.3,84.13,79,100,7.02
107,Cabo San Lucas,MX,2020-11-28 05:23:09,22.89,-109.91,71.01,71,35,5.99
108,Moree,AU,2020-11-28 05:23:09,-29.47,149.85,98.6,14,59,13.87
109,Te Anau,NZ,2020-11-28 05:23:09,-45.42,167.72,48.38,67,92,10.6
110,Saint-Philippe,RE,2020-11-28 05:23:09,-21.36,55.77,80.6,65,0,17.22
111,Palma,ES,2020-11-28 05:23:10,39.57,2.65,55.4,93,100,10.29
112,Yumen,CN,2020-11-28 05:23:10,40.28,97.2,27.3,77,88,3.83
113,Padre Bernardo,BR,2020-11-28 05:23:10,-15.35,-48.5,66.36,85,15,3.71
114,Beringovskiy,RU,2020-11-28 05:23:10,63.05,179.32,17.29,97,79,14.09
115,Bluff,NZ,2020-11-28 05:23:10,-46.6,168.33,53.01,76,99,5.01
116,Fort Nelson,CA,2020-11-28 05:23:10,58.81,-122.7,6.8,92,5,3.36
117,Galveston,US,2020-11-28 05:20:17,29.37,-94.97,70.0,88,90,12.75
118,Pevek,RU,2020-11-28 05:23:10,69.7,170.31,10.42,92,71,0.92
119,Gladstone,AU,2020-11-28 05:23:10,-23.85,151.25,82.4,45,5,13.87
120,Bambous Virieux,MU,2020-11-28 05:23:11,-20.34,57.76,73.4,88,75,10.29
121,Loviisa,FI,2020-11-28 05:23:11,60.46,26.23,33.01,91,92,1.99
122,Avarua,CK,2020-11-28 05:23:11,-21.21,-159.78,77.0,78,55,16.11
123,Haines Junction,CA,2020-11-28 05:23:11,60.75,-137.51,10.4,66,71,3.36
124,Katsuura,JP,2020-11-28 05:23:11,35.13,140.3,64.0,38,20,19.46
125,Vila Velha,BR,2020-11-28 05:18:18,-20.33,-40.29,73.4,88,40,3.36
126,Guymon,US,2020-11-28 05:23:11,36.68,-101.48,26.6,86,1,8.05
127,Seoul,KR,2020-11-28 05:21:38,37.57,126.98,37.4,27,1,4.7
128,Tasiilaq,GL,2020-11-28 05:23:12,65.61,-37.64,15.8,43,32,25.28
129,Namibe,AO,2020-11-28 05:23:12,-15.2,12.15,70.95,75,91,5.26
130,Thinadhoo,MV,2020-11-28 05:23:12,0.53,72.93,82.47,73,0,7.31
131,Chapais,CA,2020-11-28 05:23:12,49.78,-74.85,28.4,92,90,4.7
132,Severo-Kurilsk,RU,2020-11-28 05:23:12,50.68,156.12,27.99,91,84,12.41
133,Gweru,ZW,2020-11-28 05:23:12,-19.45,29.82,65.55,86,77,11.01
134,Mar Del Plata,AR,2020-11-28 05:23:12,-38.0,-57.56,66.99,82,0,4.7
135,Shwebo,MM,2020-11-28 05:23:12,22.57,95.7,78.64,54,0,5.3
136,Iqaluit,CA,2020-11-28 05:23:12,63.75,-68.51,23.0,85,75,14.99
137,Rock Springs,US,2020-11-28 05:21:25,41.59,-109.2,24.8,62,1,16.11
138,Rawson,AR,2020-11-28 05:20:46,-43.3,-65.1,67.59,37,100,20.62
139,Le Port,RE,2020-11-28 05:23:13,-20.94,55.29,77.0,73,90,12.75
140,Kavaratti,IN,2020-11-28 05:23:13,10.57,72.64,86.0,70,40,6.93
141,Sao Filipe,CV,2020-11-28 05:23:13,14.9,-24.5,74.98,71,57,11.86
142,Harrisonville,US,2020-11-28 05:23:13,38.65,-94.35,39.99,74,1,1.59
143,Georgetown,MY,2020-11-28 05:23:14,5.41,100.34,86.0,74,40,6.93
144,Bilibino,RU,2020-11-28 05:23:14,68.05,166.44,0.93,90,11,3.13
145,Tomatlan,MX,2020-11-28 05:23:14,19.93,-105.25,70.34,91,42,2.46
146,Alofi,NU,2020-11-28 05:23:14,-19.06,-169.92,80.6,94,100,5.82
147,Northampton,US,2020-11-28 05:23:14,40.88,-75.25,48.0,89,91,1.72
148,Constitucion,CL,2020-11-28 05:20:56,-35.33,-72.42,52.79,82,0,11.27
149,Antofagasta,CL,2020-11-28 05:23:14,-23.65,-70.4,62.6,67,0,2.24
150,Lisakovsk,KZ,2020-11-28 05:23:14,52.54,62.49,9.95,96,80,8.14
151,Pritzwalk,DE,2020-11-28 05:23:14,53.15,12.17,36.0,91,23,4.23
152,Zhigansk,RU,2020-11-28 05:23:15,66.77,123.37,-0.62,91,100,17.56
153,Farmington,US,2020-11-28 05:23:15,36.73,-108.22,30.2,92,90,5.82
154,Miri,MY,2020-11-28 05:23:15,4.41,114.01,82.4,83,40,8.05
155,Porto Velho,BR,2020-11-28 05:23:15,-8.76,-63.9,75.2,94,20,1.12
156,Roma,US,2020-11-28 05:20:04,43.21,-75.46,43.0,87,90,3.36
157,Hobart,AU,2020-11-28 05:21:49,-42.88,147.33,78.01,34,0,14.99
158,Kihei,US,2020-11-28 05:23:15,20.79,-156.47,75.2,69,75,23.04
159,Bagotville,AU,2020-11-28 05:23:15,-28.98,153.42,88.0,54,46,16.11
160,Ahuimanu,US,2020-11-28 05:20:29,21.44,-157.84,80.6,69,20,19.46
161,Kamenka,RU,2020-11-28 05:23:16,51.32,42.77,34.0,94,100,10.74
162,Kaitangata,NZ,2020-11-28 05:23:16,-46.28,169.85,55.99,73,72,8.01
163,Aswan,EG,2020-11-28 05:23:16,24.09,32.91,56.25,58,0,6.2
164,Coquimbo,CL,2020-11-28 05:23:16,-29.95,-71.34,55.4,93,0,4.7
165,Mahebourg,MU,2020-11-28 05:23:16,-20.41,57.7,73.4,88,75,10.29
166,Salzhemmendorf,DE,2020-11-28 05:23:16,52.07,9.59,39.99,85,1,1.99
167,Estrela,BR,2020-11-28 05:20:16,-28.06,-50.94,62.49,98,100,7.14
168,Dikson,RU,2020-11-28 05:23:17,73.51,80.55,29.19,98,100,15.93
169,Corinth,GR,2020-11-28 05:23:17,37.94,22.96,48.99,54,20,2.17
170,Hay River,CA,2020-11-28 05:23:17,60.82,-115.8,10.4,72,75,18.34
171,Thompson,CA,2020-11-28 05:23:17,55.74,-97.86,23.0,85,90,3.36
172,East London,ZA,2020-11-28 05:23:17,-33.02,27.91,64.4,77,0,13.87
173,Geraldton,AU,2020-11-28 05:23:17,-28.77,114.6,73.4,40,0,20.8
174,Bougouni,ML,2020-11-28 05:23:17,11.42,-7.48,66.94,25,0,0.51
175,Yuryev-Polskiy,RU,2020-11-28 05:23:18,56.5,39.68,31.73,99,100,6.02
176,Klaksvik,FO,2020-11-28 05:23:18,62.23,-6.59,41.0,86,78,9.17
177,Kahului,US,2020-11-28 05:23:18,20.89,-156.47,75.2,69,75,23.04
178,Naples,IT,2020-11-28 05:19:32,40.83,14.25,50.0,76,100,3.36
179,Jinxiang,CN,2020-11-28 05:23:18,27.43,120.61,57.9,70,100,15.75
180,Curaca,BR,2020-11-28 05:23:19,-8.99,-39.91,74.25,68,100,15.66
181,Rybnaya Sloboda,RU,2020-11-28 05:23:19,55.46,50.14,21.2,85,90,17.9
182,Mount Isa,AU,2020-11-28 05:23:19,-20.73,139.5,100.4,21,40,10.29
183,Phonhong,LA,2020-11-28 05:23:19,18.5,102.42,84.2,48,4,6.93
184,Shingu,JP,2020-11-28 05:23:19,33.73,135.98,57.2,54,75,14.99
185,Bethel,US,2020-11-28 05:20:55,41.37,-73.41,46.0,87,1,5.82
186,Roela,EE,2020-11-28 05:23:20,59.17,26.59,34.83,91,100,9.33
187,Novo Cruzeiro,BR,2020-11-28 05:23:20,-17.47,-41.88,62.38,98,79,4.43
188,Batemans Bay,AU,2020-11-28 05:23:20,-35.72,150.18,93.0,28,100,11.54
189,Esperance,AU,2020-11-28 05:23:20,-33.87,121.9,66.2,55,75,14.99
190,Dodola,ET,2020-11-28 05:23:20,6.98,39.18,55.62,78,48,5.06
191,Port Macquarie,AU,2020-11-28 05:23:20,-31.43,152.92,93.0,34,32,3.0
192,Saquena,PE,2020-11-28 05:23:20,-4.67,-73.52,73.27,96,100,1.61
193,Goure,NE,2020-11-28 05:23:20,13.98,10.27,71.01,24,0,4.0
194,Lasa,IT,2020-11-28 05:23:20,46.62,10.7,26.6,86,5,5.82
195,Biak,ID,2020-11-28 05:23:21,-0.91,122.88,80.85,77,100,1.43
196,Evora,PT,2020-11-28 05:23:21,38.57,-7.9,44.6,100,90,3.36
197,Dingle,PH,2020-11-28 05:23:21,11.0,122.67,85.39,74,52,12.06
198,Mehamn,NO,2020-11-28 05:23:21,71.04,27.85,37.9,77,50,18.45
199,La Ronge,CA,2020-11-28 05:23:21,55.1,-105.28,23.0,73,2,2.24
200,Saldanha,ZA,2020-11-28 05:23:21,-33.01,17.94,57.2,82,87,6.93
201,Tra Vinh,VN,2020-11-28 05:23:17,9.93,106.35,89.87,50,95,3.51
202,Kurmanayevka,RU,2020-11-28 05:23:21,52.51,52.07,22.68,97,100,11.81
203,Dukat,RU,2020-11-28 05:23:21,62.55,155.55,-8.9,90,100,5.53
204,Clearwater,US,2020-11-28 05:20:04,27.97,-82.8,71.01,88,1,3.67
205,Xining,CN,2020-11-28 05:23:22,36.62,101.77,34.88,70,0,4.52
206,Darnah,LY,2020-11-28 05:22:18,32.77,22.64,59.47,65,26,3.38
207,Arraial Do Cabo,BR,2020-11-28 05:19:48,-22.97,-42.03,74.26,87,4,17.58
208,Leningradskiy,RU,2020-11-28 05:23:22,69.38,178.42,19.29,95,99,6.85
209,Liku,ID,2020-11-28 05:23:22,-0.73,119.89,87.21,61,52,6.93
210,Nueva Valencia,PH,2020-11-28 05:23:22,10.51,122.53,86.67,68,75,15.1
211,Port Lincoln,AU,2020-11-28 05:23:18,-34.73,135.87,69.35,69,100,13.42
212,Bandarbeyla,SO,2020-11-28 05:23:22,9.49,50.81,78.06,70,72,16.06
213,Borsa,RO,2020-11-28 05:23:23,47.66,24.66,29.28,92,80,1.21
214,Oksfjord,NO,2020-11-28 05:23:23,70.24,22.35,37.4,79,97,19.46
215,Dakar,SN,2020-11-28 05:23:23,14.69,-17.44,77.0,53,0,18.34
216,Niquelandia,BR,2020-11-28 05:23:23,-14.47,-48.46,67.87,85,0,3.71
217,Ankola,IN,2020-11-28 05:23:23,14.67,74.3,82.42,58,8,9.69
218,Freeport,US,2020-11-28 05:23:23,40.66,-73.58,48.99,75,1,3.36
219,Hakui,JP,2020-11-28 05:23:23,36.88,136.78,48.2,66,75,6.93
220,Leh,IN,2020-11-28 05:23:23,34.17,77.58,18.12,67,75,1.72
221,Durham,US,2020-11-28 05:21:51,36.03,-78.87,48.99,100,90,2.48
222,Broome,US,2020-11-28 05:23:24,42.25,-75.83,43.0,80,90,2.33
223,Praia,CV,2020-11-28 05:23:24,14.92,-23.51,75.2,64,75,16.11
224,Ocho Rios,JM,2020-11-28 05:20:03,18.4,-77.1,71.01,94,1,7.45
225,Sioux Lookout,CA,2020-11-28 05:23:24,50.1,-91.92,26.6,79,90,8.05
226,Mizdah,LY,2020-11-28 05:23:25,31.45,12.98,53.67,57,1,12.73
227,Tual,ID,2020-11-28 05:23:25,-5.67,132.75,84.81,66,96,2.66
228,Moose Factory,CA,2020-11-28 05:23:25,51.26,-80.61,30.2,86,90,5.82
229,Tres Arroyos,AR,2020-11-28 05:20:33,-38.37,-60.28,68.56,68,43,15.05
230,Kungurtug,RU,2020-11-28 05:23:25,50.6,97.52,10.58,83,25,1.5
231,Rabak,SD,2020-11-28 05:23:25,13.18,32.74,69.58,24,0,16.49
232,Orta Nova,IT,2020-11-28 05:23:25,41.33,15.71,39.2,100,75,5.82
233,Aleksandrov Gay,RU,2020-11-28 05:23:25,50.15,48.57,29.79,95,78,11.48
234,Aquiraz,BR,2020-11-28 05:23:25,-3.9,-38.39,80.6,78,75,18.34
235,Abu Dhabi,AE,2020-11-28 05:23:26,24.47,54.37,73.4,53,0,10.29
236,Tigil,RU,2020-11-28 05:23:26,57.8,158.67,9.25,92,95,3.58
237,Kununurra,AU,2020-11-28 05:23:26,-15.77,128.73,89.6,49,76,12.75
238,Clyde River,CA,2020-11-28 05:21:13,70.47,-68.59,-5.8,76,90,16.11
239,Tapiramuta,BR,2020-11-28 05:23:26,-11.85,-40.79,61.57,100,76,5.48
240,Ancud,CL,2020-11-28 05:23:26,-41.87,-73.82,53.01,100,20,3.36
241,Jijiga,ET,2020-11-28 05:23:26,9.35,42.8,65.39,72,1,3.44
242,Samarai,PG,2020-11-28 05:23:26,-10.62,150.67,82.63,72,93,7.58
243,Zeya,RU,2020-11-28 05:23:26,53.75,127.27,12.81,82,100,5.39
244,Datia,IN,2020-11-28 05:23:27,25.67,78.47,72.61,31,0,4.14
245,Castro,BR,2020-11-28 05:23:27,-24.79,-50.01,62.37,96,100,7.47
246,Los Llanos De Aridane,ES,2020-11-28 05:23:27,28.66,-17.92,64.4,72,40,3.36
247,Rorvik,NO,2020-11-28 05:23:27,64.86,11.24,41.77,71,100,11.18
248,Muhos,FI,2020-11-28 05:23:27,64.81,25.99,19.4,100,90,5.82
249,Sola,VU,2020-11-28 05:23:27,-13.88,167.55,81.05,76,48,7.16
250,Purpe,RU,2020-11-28 05:23:27,64.48,76.69,-0.99,93,77,6.15
251,Sisimiut,GL,2020-11-28 05:22:46,66.94,-53.67,17.56,86,100,17.02
252,Flinders,AU,2020-11-28 05:23:27,-34.58,150.86,102.2,14,62,19.46
253,Naron,ES,2020-11-28 05:23:28,43.52,-8.15,51.01,100,0,5.82
254,Victoria,HK,2020-11-28 05:19:08,22.29,114.16,73.0,66,83,1.01
255,Mayumba,GA,2020-11-28 05:23:28,-3.43,10.66,75.36,92,100,4.88
256,Yanam,IN,2020-11-28 05:23:28,16.73,82.22,75.2,69,90,9.17
257,Sao Joao Da Barra,BR,2020-11-28 05:23:25,-21.64,-41.05,73.42,89,0,9.86
258,Upernavik,GL,2020-11-28 05:23:28,72.79,-56.15,1.65,77,0,9.53
259,Sangar,RU,2020-11-28 05:23:28,63.92,127.47,-8.64,90,100,1.83
260,Lahat,ID,2020-11-28 05:23:28,-3.8,103.53,86.67,66,77,2.86
261,Tank,PK,2020-11-28 05:23:29,32.22,70.38,72.0,21,82,0.65
262,Ayagoz,KZ,2020-11-28 05:23:29,47.97,80.44,25.05,87,100,3.62
263,Mecca,SA,2020-11-28 05:23:29,21.43,39.83,73.74,60,14,5.44
264,Manicore,BR,2020-11-28 05:23:29,-5.81,-61.3,73.4,100,0,1.19
265,Dodge City,US,2020-11-28 05:21:12,37.75,-100.02,35.01,71,1,8.05
266,Bengkulu,ID,2020-11-28 05:21:56,-3.8,102.27,78.55,85,99,9.62
267,Isiro,CD,2020-11-28 05:23:29,2.77,27.62,68.36,81,32,1.36
268,Cochrane,CA,2020-11-28 05:21:48,51.18,-114.47,46.4,19,20,25.28
269,Pangkalanbuun,ID,2020-11-28 05:22:16,-2.68,111.62,86.67,69,89,4.38
270,Jurado,CO,2020-11-28 05:23:29,7.11,-77.76,76.06,90,100,3.13
271,Tahe,CN,2020-11-28 05:23:30,52.33,124.73,14.67,81,0,12.44
272,Yaan,NG,2020-11-28 05:23:30,7.38,8.57,73.08,94,0,4.05
273,Jennings,US,2020-11-28 05:21:35,38.72,-90.26,39.0,74,1,4.7
274,Saint-Leu,RE,2020-11-28 05:23:30,-21.15,55.28,80.6,65,0,17.22
275,Camapua,BR,2020-11-28 05:23:30,-19.53,-54.04,78.6,49,45,1.28
276,Nizhneangarsk,RU,2020-11-28 05:23:30,55.78,109.55,14.65,90,90,1.81
277,Hami,CN,2020-11-28 05:23:30,42.8,93.45,32.63,69,41,4.45
278,Serebryansk,KZ,2020-11-28 05:23:30,49.69,83.29,8.6,92,40,5.46
279,Arlit,NE,2020-11-28 05:23:31,18.74,7.39,69.01,26,0,4.99
280,Lagoa,PT,2020-11-28 05:23:31,39.05,-27.98,55.36,66,33,25.86
281,Marzuq,YE,2020-11-28 05:23:31,14.4,46.47,67.95,60,0,1.5
282,Ostersund,SE,2020-11-28 05:23:31,63.18,14.64,26.6,100,73,6.93
283,Macheng,CN,2020-11-28 05:23:31,31.18,115.03,46.29,74,100,6.17
284,Lata,PT,2020-11-28 05:23:31,40.16,-8.33,51.01,96,50,1.88
285,Dumfries,US,2020-11-28 05:23:31,38.57,-77.33,53.6,76,40,4.7
286,Rio Gallegos,AR,2020-11-28 05:21:53,-51.62,-69.22,41.0,52,0,28.86
287,Malanville,BJ,2020-11-28 05:23:32,11.87,3.39,78.51,35,46,3.62
288,Comodoro Rivadavia,AR,2020-11-28 05:23:32,-45.87,-67.5,55.4,40,0,14.99
289,Yulara,AU,2020-11-28 05:23:32,-25.24,130.99,111.2,5,0,17.22
290,Seinajoki,FI,2020-11-28 05:23:32,62.79,22.83,25.0,100,90,2.66
291,Mae Sai,TH,2020-11-28 05:23:32,20.43,99.88,82.99,57,0,6.93
292,Kuusamo,FI,2020-11-28 05:23:32,65.97,29.18,17.6,92,20,1.12
293,Terrace,CA,2020-11-28 05:23:32,54.52,-128.6,32.0,94,90,0.96
294,Moussoro,TD,2020-11-28 05:23:32,13.64,16.49,66.36,26,15,8.32
295,Ponta Delgada,PT,2020-11-28 05:23:33,37.73,-25.67,53.6,54,75,12.75
296,Okhotsk,RU,2020-11-28 05:23:33,59.38,143.3,5.59,87,0,15.57
297,San Ramon De La Nueva Oran,AR,2020-11-28 05:23:33,-23.13,-64.33,73.99,93,86,2.15
298,Muros,ES,2020-11-28 05:23:33,42.78,-9.06,44.01,93,0,3.36
299,Komsomolskiy,UZ,2020-11-28 05:23:34,40.43,71.72,41.0,60,75,27.51
300,Elko,US,2020-11-28 05:23:34,41.0,-115.5,26.01,73,1,5.82
301,Vao,NC,2020-11-28 05:23:34,-22.67,167.48,73.24,73,35,16.62
302,Tambacounda,SN,2020-11-28 05:23:34,13.75,-13.76,68.0,30,0,6.93
303,Mount Gambier,AU,2020-11-28 05:23:34,-37.83,140.77,64.4,77,100,8.05
304,Vaiano,IT,2020-11-28 05:23:34,43.95,11.12,51.01,100,100,1.12
305,Sorland,NO,2020-11-28 05:23:34,67.67,12.69,44.87,76,93,15.73
306,Taoudenni,ML,2020-11-28 05:23:34,22.68,-3.98,57.11,38,42,6.06
307,Dmytrivka,UA,2020-11-28 05:23:35,45.97,28.99,34.63,83,100,4.27
308,Nanortalik,GL,2020-11-28 05:23:35,60.14,-45.24,32.88,95,100,8.16
309,Bud,US,2020-11-28 05:23:35,39.45,-86.18,39.99,87,1,8.01
310,Tuy Hoa,VN,2020-11-28 05:23:35,13.08,109.3,75.13,92,100,19.19
311,Nantucket,US,2020-11-28 05:21:33,41.28,-70.1,51.8,87,90,8.05
312,Ewo,CG,2020-11-28 05:23:35,-0.87,14.82,71.78,90,99,3.69
313,Agirish,RU,2020-11-28 05:23:35,61.92,63.02,9.54,96,1,1.66
314,Tuatapere,NZ,2020-11-28 05:23:35,-46.13,167.68,53.01,76,100,5.01
315,Port Hardy,CA,2020-11-28 05:23:35,50.7,-127.42,42.8,93,90,6.93
316,Namatanai,PG,2020-11-28 05:23:36,-3.67,152.43,80.37,82,100,6.8
317,Bathsheba,BB,2020-11-28 05:23:36,13.22,-59.52,77.0,94,75,14.99
318,Markova,UA,2020-11-28 05:23:36,48.68,24.41,33.8,100,75,0.85
319,Itoman,JP,2020-11-28 05:23:36,26.12,127.67,71.6,60,20,28.86
320,Saint George,US,2020-11-28 05:23:36,37.1,-113.58,37.99,37,1,4.7
321,Teahupoo,PF,2020-11-28 05:21:48,-17.83,-149.27,82.4,78,75,5.82
322,Tessalit,ML,2020-11-28 05:23:37,20.2,1.01,59.56,32,0,5.84
323,San Felipe,VE,2020-11-28 05:18:43,10.34,-68.74,72.82,92,99,1.7
324,Taltal,CL,2020-11-28 05:23:37,-25.4,-70.48,58.71,78,0,1.66
325,Bata,GQ,2020-11-28 05:23:37,1.86,9.77,75.2,100,40,4.68
326,Codrington,AU,2020-11-28 05:23:37,-38.27,141.97,62.85,75,100,6.35
327,Russell,US,2020-11-28 05:23:37,32.35,-85.2,64.4,93,90,10.29
328,San Patricio,US,2020-11-28 05:23:37,28.02,-97.52,75.99,88,75,5.82
329,Liverpool,GB,2020-11-28 05:22:38,53.41,-2.98,37.0,84,72,4.7
330,Saint-Junien,FR,2020-11-28 05:23:37,45.88,0.9,51.01,70,0,10.29
331,Arkhangelskoye,RU,2020-11-28 05:23:38,55.85,35.33,31.95,99,100,2.98
332,Adrar,MR,2020-11-28 05:23:38,20.5,-10.07,58.68,51,55,8.88
333,Maragogi,BR,2020-11-28 05:23:29,-9.01,-35.22,76.87,74,83,9.75
334,Filingue,NE,2020-11-28 05:23:39,14.35,3.32,76.26,30,33,5.82
335,Atambua,ID,2020-11-28 05:23:39,-9.11,124.89,88.05,52,65,3.09
336,Husavik,IS,2020-11-28 05:23:39,66.04,-17.34,35.6,51,75,13.87
337,Scarborough,GB,2020-11-28 05:23:39,54.28,-0.4,33.01,91,1,1.3
338,Aklavik,CA,2020-11-28 05:23:39,68.22,-135.01,-2.2,84,75,3.36
339,Grindavik,IS,2020-11-28 05:23:39,63.84,-22.43,35.6,64,75,27.51
340,Castrillon,ES,2020-11-28 05:23:39,43.4,-6.79,48.2,81,0,6.93
341,Kloulklubed,PW,2020-11-28 05:23:39,7.04,134.26,89.6,62,75,8.05
342,Berlevag,NO,2020-11-28 05:23:39,70.86,29.09,36.41,81,26,19.08
343,Angoram,PG,2020-11-28 05:23:40,-4.06,144.07,87.26,70,65,5.64
344,Pavilosta,LV,2020-11-28 05:23:40,56.89,21.19,39.2,93,72,6.93
345,Bitung,ID,2020-11-28 05:23:40,1.45,125.18,86.0,70,40,5.82
346,Tallinn,EE,2020-11-28 05:19:02,59.44,24.75,37.99,83,75,6.93
347,Nueve De Julio,AR,2020-11-28 05:23:40,-35.44,-60.88,71.01,70,2,1.01
348,Poum,NC,2020-11-28 05:23:41,-20.23,164.02,75.99,71,81,14.7
349,Touros,BR,2020-11-28 05:23:41,-5.2,-35.46,73.4,88,40,2.24
350,Hargeysa,SO,2020-11-28 05:19:57,9.56,44.06,66.69,84,50,9.73
351,Yurla,RU,2020-11-28 05:23:41,59.33,54.32,10.24,96,84,4.16
352,Strzelce Krajenskie,PL,2020-11-28 05:23:41,52.88,15.53,37.0,90,0,3.0
353,Montalban,FR,2020-11-28 05:23:41,44.02,1.35,53.01,87,75,3.36
354,Barsovo,RU,2020-11-28 05:23:41,61.17,73.17,1.4,84,40,4.47
355,Coahuayana,MX,2020-11-28 05:23:42,18.73,-103.68,77.23,81,63,1.3
356,Axim,GH,2020-11-28 05:23:42,4.87,-2.24,77.83,84,77,4.38
357,Fortuna,US,2020-11-28 05:23:42,40.6,-124.16,44.01,90,0,3.0
358,Westport,US,2020-11-28 05:22:02,41.14,-73.36,50.0,76,90,3.36
359,Pontian Kecil,MY,2020-11-28 05:23:42,1.48,103.39,80.01,88,20,3.36
360,Dabat,ET,2020-11-28 05:23:42,12.98,37.77,58.8,61,25,2.98
361,Mpika,ZM,2020-11-28 05:23:43,-11.83,31.45,69.53,67,92,9.82
362,Kozarmisleny,HU,2020-11-28 05:23:43,46.03,18.29,30.2,100,90,4.7
363,Coihaique,CL,2020-11-28 05:23:43,-45.58,-72.07,44.6,84,0,4.7
364,Kropotkin,RU,2020-11-28 05:23:43,45.44,40.58,35.89,81,0,7.0
365,Svetlogorsk,BY,2020-11-28 05:23:43,52.63,29.73,34.25,97,99,4.07
366,Igboho,NG,2020-11-28 05:23:43,8.83,3.75,72.99,88,18,3.96
367,Lesnoye,RU,2020-11-28 05:23:43,58.28,35.52,29.84,98,99,9.04
368,Sovetskaya Gavan,RU,2020-11-28 05:23:43,48.97,140.29,20.8,77,23,6.98
369,Kamwenge,UG,2020-11-28 05:23:44,0.19,30.45,63.95,90,1,0.78
370,Gat,IL,2020-11-28 05:23:44,31.61,34.76,57.2,76,75,2.24
371,Otradnoye,RU,2020-11-28 05:23:44,59.78,30.82,35.6,80,90,11.18
372,Umm Lajj,SA,2020-11-28 05:23:44,25.02,37.27,70.27,50,0,7.11
373,Casino,AU,2020-11-28 05:23:44,-28.87,153.05,96.8,20,57,9.17
374,Takoradi,GH,2020-11-28 05:23:44,4.88,-1.76,77.92,85,79,6.33
375,Topeka,US,2020-11-28 05:23:44,39.05,-95.68,35.01,86,1,6.87
376,Sibut,CF,2020-11-28 05:23:44,5.72,19.07,68.29,45,2,2.84
377,Belmopan,BZ,2020-11-28 05:23:45,17.25,-88.77,72.0,82,4,1.21
378,Bafoulabe,ML,2020-11-28 05:23:45,13.81,-10.83,68.47,24,0,3.0
379,Vilhena,BR,2020-11-28 05:23:45,-12.74,-60.15,68.59,94,68,2.55
380,Bulgan,MN,2020-11-28 05:23:45,48.81,103.53,12.07,88,2,2.19
381,Clonakilty,IE,2020-11-28 05:23:45,51.62,-8.87,46.0,100,75,12.75
382,Karratha,AU,2020-11-28 05:23:45,-20.74,116.85,91.42,44,59,17.11
383,Elliot Lake,CA,2020-11-28 05:23:45,46.38,-82.63,35.6,98,90,14.99
384,Tynda,RU,2020-11-28 05:19:10,55.17,124.72,0.23,88,75,4.85
385,Marsh Harbour,BS,2020-11-28 05:23:46,26.54,-77.06,75.31,65,0,8.41
386,Tucupita,VE,2020-11-28 05:23:46,9.06,-62.05,74.08,98,88,2.64
387,Abu Kamal,SY,2020-11-28 05:23:46,34.45,40.92,55.36,59,68,4.61
388,Dali,CN,2020-11-28 05:23:46,25.7,100.18,63.39,32,3,2.68
389,San Vicente,AR,2020-11-28 05:23:46,-26.62,-54.13,66.34,98,9,4.12
390,Pilar,BR,2020-11-28 05:18:59,-9.6,-35.96,71.6,94,40,3.36
391,Patos,BR,2020-11-28 05:23:47,-7.02,-37.28,76.71,64,100,11.59
392,Zhytomyr,UA,2020-11-28 05:23:47,50.26,28.68,33.64,93,81,6.06
393,Hovd,MN,2020-11-28 05:23:47,48.01,91.64,18.63,88,0,1.79
394,Inuvik,CA,2020-11-28 05:18:50,68.35,-133.72,3.2,84,99,4.7
395,Twin Falls,US,2020-11-28 05:23:47,42.35,-114.64,21.2,92,1,8.05
396,Rockland,US,2020-11-28 05:20:04,41.17,-74.05,46.0,84,37,2.35
397,Camingawan,PH,2020-11-28 05:23:47,9.9,122.84,86.68,67,65,10.09
398,Tadpatri,IN,2020-11-28 05:23:47,14.92,78.02,74.17,82,95,7.99
399,Lingao,CN,2020-11-28 05:23:47,19.91,109.69,73.24,69,6,17.56
400,Clearlake,US,2020-11-28 05:23:48,38.96,-122.63,45.0,67,0,0.96
401,Mega,ET,2020-11-28 05:23:48,4.05,38.3,63.37,84,0,13.62
402,Silvan,TR,2020-11-28 05:23:48,38.14,41.01,42.8,93,75,2.24
403,Sur,OM,2020-11-28 05:23:48,22.57,59.53,75.07,58,69,7.29
404,Erdenet,MN,2020-11-28 05:23:48,49.03,104.08,9.48,92,12,3.71
405,Novi Bilokorovychi,UA,2020-11-28 05:23:48,51.12,28.05,35.15,96,97,6.64
406,Havoysund,NO,2020-11-28 05:23:48,71.0,24.66,37.4,74,20,14.99
407,Salinas,US,2020-11-28 05:20:55,36.68,-121.66,48.2,66,1,3.58
408,Benghazi,LY,2020-11-28 05:22:30,32.12,20.07,60.04,70,0,12.24
409,Kupang,ID,2020-11-28 05:23:49,-10.17,123.58,91.4,66,20,11.41
410,Xai-Xai,MZ,2020-11-28 05:23:49,-25.05,33.64,73.62,87,100,9.44
411,Moron,AR,2020-11-28 05:23:49,-34.65,-58.62,78.01,52,0,11.99
412,Aykhal,RU,2020-11-28 05:23:49,66.0,111.5,-2.2,91,75,4.47
413,Alexandria,EG,2020-11-28 05:23:49,31.22,29.96,57.2,93,40,2.24
414,Guryevsk,RU,2020-11-28 05:23:49,54.28,85.93,15.4,91,0,2.26
415,Gayny,RU,2020-11-28 05:23:49,60.31,54.32,5.92,95,13,3.89
416,Hirara,JP,2020-11-28 05:23:49,24.8,125.28,73.4,64,75,18.34
417,Nuuk,GL,2020-11-28 05:23:50,64.18,-51.72,26.6,68,100,14.99
418,Spencer,US,2020-11-28 05:23:18,43.14,-95.14,33.01,79,1,10.29
419,Caravelas,BR,2020-11-28 05:23:50,-17.71,-39.25,73.09,90,59,7.65
420,Praya,CV,2020-11-28 05:23:50,14.92,-23.51,75.2,64,75,16.11
421,Bonavista,CA,2020-11-28 05:23:50,48.65,-53.11,50.0,93,81,10.29
422,Melipilla,CL,2020-11-28 05:19:24,-33.7,-71.22,61.0,93,0,1.23
423,Ilulissat,GL,2020-11-28 05:23:50,69.22,-51.1,6.8,50,0,3.36
424,Hambantota,LK,2020-11-28 05:23:50,6.12,81.12,86.0,79,20,1.12
425,Bolnisi,GE,2020-11-28 05:23:51,41.45,44.54,37.4,86,20,0.76
426,Chukhloma,RU,2020-11-28 05:23:51,58.75,42.68,22.06,97,100,9.89
427,Cienfuegos,CU,2020-11-28 05:23:51,22.15,-80.44,68.0,100,0,6.93
428,Parainen,FI,2020-11-28 05:23:51,60.31,22.3,33.01,92,90,3.36
429,Chapada Dos Guimaraes,BR,2020-11-28 05:23:51,-15.46,-55.75,77.0,83,0,2.24
430,Nouadhibou,MR,2020-11-28 05:23:51,20.93,-17.03,62.6,88,99,10.29
431,Rupert,US,2020-11-28 05:18:56,42.62,-113.68,26.6,73,1,11.41
432,Bogande,BF,2020-11-28 05:23:51,12.97,-0.14,73.72,21,17,6.93
433,Nemuro,JP,2020-11-28 05:23:52,43.32,145.57,37.4,59,75,8.05
434,Tarakan,ID,2020-11-28 05:23:52,3.3,117.63,83.75,68,97,1.81
435,Santa Maria,BR,2020-11-28 05:23:52,-29.68,-53.81,67.75,90,51,9.06
436,Gwadar,PK,2020-11-28 05:23:52,25.12,62.33,73.8,45,0,5.79
437,Mahabad,IR,2020-11-28 05:23:52,36.76,45.72,36.59,83,94,1.23
438,Kenitra,MA,2020-11-28 05:23:42,34.26,-6.58,53.6,100,90,13.87
439,Brzeg Dolny,PL,2020-11-28 05:23:52,51.27,16.71,35.6,93,75,6.93
440,Guerrero Negro,MX,2020-11-28 05:23:52,27.98,-114.06,57.9,42,92,7.7
441,Srednekolymsk,RU,2020-11-28 05:23:52,67.45,153.68,-5.13,92,100,6.31
442,Vanavara,RU,2020-11-28 05:23:53,60.34,102.28,3.31,93,20,1.57
443,Haileybury,CA,2020-11-28 05:23:53,47.45,-79.64,32.0,94,90,3.36
444,Ballina,AU,2020-11-28 05:23:53,-28.87,153.57,88.0,54,38,16.11
445,Veraval,IN,2020-11-28 05:23:53,20.9,70.37,79.77,41,12,17.49
446,Henties Bay,NA,2020-11-28 05:23:54,-22.12,14.28,59.0,89,96,1.99
447,Yabrud,SY,2020-11-28 05:23:54,33.97,36.66,46.99,81,75,4.7
448,Krasnyy Yar,RU,2020-11-28 05:23:54,46.53,48.35,30.2,86,0,6.71
449,Rimini,IT,2020-11-28 05:23:54,44.02,12.52,46.0,93,97,5.82
450,Estacion Coahuila,MX,2020-11-28 05:23:54,32.19,-115.0,55.4,31,1,3.36
451,Hokitika,NZ,2020-11-28 05:23:54,-42.72,170.97,56.35,66,98,6.64
452,Conakry,GN,2020-11-28 05:23:54,9.54,-13.68,80.51,76,1,1.16
453,Ugoofaaru,MV,2020-11-28 05:23:55,5.67,73.0,82.78,61,26,3.76
454,Sambava,MG,2020-11-28 05:23:55,-14.27,50.17,79.14,77,22,7.02
455,Chebenki,RU,2020-11-28 05:23:55,51.93,55.71,17.6,85,90,2.24
456,Sinnamary,GF,2020-11-28 05:23:55,5.38,-52.95,77.09,88,22,6.78
457,Quatre Cocos,MU,2020-11-28 05:23:55,-20.21,57.76,73.4,88,75,10.29
458,Alto Araguaia,BR,2020-11-28 05:23:55,-17.31,-53.22,70.09,67,2,3.87
459,Xalpatlahuac,MX,2020-11-28 05:23:55,17.47,-98.62,59.86,88,16,4.32
460,Dudinka,RU,2020-11-28 05:23:55,69.41,86.18,10.4,85,40,22.37
461,Solnechnyy,RU,2020-11-28 05:23:55,50.72,136.63,12.45,85,7,3.24
462,Acapulco,MX,2020-11-28 05:22:59,16.86,-99.89,78.39,82,69,3.58
463,Katobu,ID,2020-11-28 05:23:56,-4.94,122.53,86.77,68,100,6.55
464,Galesong,ID,2020-11-28 05:23:56,-5.32,119.37,87.8,74,40,9.17
465,Mangrol,IN,2020-11-28 05:23:56,21.12,70.12,78.93,39,0,17.94
466,Katherine,AU,2020-11-28 05:23:56,-14.47,132.27,96.8,39,75,11.41
467,Luan,CH,2020-11-28 05:23:56,46.36,6.98,36.0,86,0,1.12
468,Pacifica,US,2020-11-28 05:21:12,37.61,-122.49,55.0,46,1,3.36
469,Avera,US,2020-11-28 05:23:56,33.19,-82.53,57.2,93,90,3.36
470,Urucui,BR,2020-11-28 05:23:56,-7.23,-44.56,75.99,75,100,2.95
471,Spornoye,RU,2020-11-28 05:23:57,50.84,37.29,37.4,100,90,4.47
472,Alekseyevsk,RU,2020-11-28 05:23:57,57.84,108.35,8.71,93,100,3.96
473,Kagadi,UG,2020-11-28 05:23:57,0.96,30.8,64.11,96,27,1.72
474,Nara,JP,2020-11-28 05:23:57,34.69,135.8,55.4,54,75,10.29
475,Lagdo,CM,2020-11-28 05:23:57,9.05,13.73,67.21,33,0,2.06
476,Morgantown,US,2020-11-28 05:19:12,39.63,-79.96,44.6,81,90,3.36
477,Kostino,RU,2020-11-28 05:23:58,58.91,53.27,10.38,96,3,4.5
478,Palmer,US,2020-11-28 05:23:58,42.16,-72.33,46.99,100,90,2.33
479,Ishigaki,JP,2020-11-28 05:23:58,24.34,124.16,73.4,73,75,25.28
480,Davila,PH,2020-11-28 05:23:58,18.47,120.58,82.4,74,75,19.46
481,Sheltozero,RU,2020-11-28 05:23:58,61.37,35.37,28.18,96,94,11.25
482,Huambo,AO,2020-11-28 05:20:17,-12.78,15.74,60.4,94,100,0.89
483,Chaman,PK,2020-11-28 05:23:58,30.92,66.45,60.39,24,46,1.01
484,Nevers,FR,2020-11-28 05:23:59,46.92,3.33,41.0,93,0,9.17
485,Verkhoyansk,RU,2020-11-28 05:23:59,67.54,133.38,-5.96,90,100,1.12
486,Praia Da Vitoria,PT,2020-11-28 05:23:59,38.73,-27.07,55.4,54,75,24.54
487,Tamiahua,MX,2020-11-28 05:23:59,21.27,-97.45,74.48,93,6,6.49
488,Mazagao,BR,2020-11-28 05:23:59,-0.12,-51.29,77.0,100,90,3.36
489,Zhangjiakou,CN,2020-11-28 05:23:59,40.81,114.88,20.07,75,81,2.39
490,Yorkton,CA,2020-11-28 05:23:59,51.22,-102.47,24.8,85,20,11.41
491,River Falls,US,2020-11-28 05:19:42,44.86,-92.62,30.0,81,8,1.99
492,Amapa,BR,2020-11-28 05:23:59,1.0,-52.0,71.4,98,93,1.81
493,Pangody,RU,2020-11-28 05:24:00,65.85,74.49,-1.5,93,73,7.27
494,Cayenne,GF,2020-11-28 05:19:23,4.93,-52.33,73.4,100,0,1.12
495,Talaya,RU,2020-11-28 05:24:00,61.38,152.75,-4.45,89,100,4.83
496,Ossora,RU,2020-11-28 05:24:00,59.24,163.07,13.14,88,30,5.93
497,Port Hueneme,US,2020-11-28 05:24:00,34.15,-119.2,64.4,66,1,6.93
498,Jalu,LY,2020-11-28 05:24:00,29.03,21.55,52.83,80,0,4.76
499,Qasigiannguit,GL,2020-11-28 05:24:00,68.82,-51.19,6.8,50,0,3.36
500,Aksu,CN,2020-11-28 05:24:01,41.12,80.26,34.32,69,92,0.56
501,Narsaq,GL,2020-11-28 05:24:01,60.92,-46.05,30.2,63,100,16.11
502,Matara,LK,2020-11-28 05:24:01,5.95,80.54,86.74,60,44,1.74
503,Linjiang,CN,2020-11-28 05:24:01,41.81,126.91,25.57,71,0,2.71
504,Pathardi,IN,2020-11-28 05:21:27,19.17,75.18,72.46,59,85,16.69
505,Pisco,PE,2020-11-28 05:22:19,-13.7,-76.22,64.4,88,0,3.36
506,Xinqing,CN,2020-11-28 05:24:01,48.23,129.5,17.6,76,1,9.69
507,Aldan,RU,2020-11-28 05:24:01,58.6,125.39,1.87,93,100,5.97
508,Verkhnyaya Inta,RU,2020-11-28 05:24:02,65.98,60.31,7.77,93,0,4.97
509,Dombarovskiy,RU,2020-11-28 05:24:02,50.76,59.54,11.48,96,8,5.19
510,Raga,SS,2020-11-28 05:24:02,8.46,25.68,69.69,31,0,4.43
511,Punakha,BT,2020-11-28 05:24:02,27.58,89.86,73.74,19,0,1.45
512,Masaki,JP,2020-11-28 05:24:02,33.79,132.71,57.99,54,75,12.75
513,Evensk,RU,2020-11-28 05:24:02,61.95,159.23,12.85,91,100,9.37
514,Kaa-Khem,RU,2020-11-28 05:24:02,51.68,94.73,9.09,90,77,1.63
515,Morro Bay,US,2020-11-28 05:23:03,35.37,-120.85,50.0,86,1,3.36
516,Ambon,ID,2020-11-28 05:24:02,-3.7,128.18,85.96,66,29,6.24
517,Cabras,IT,2020-11-28 05:24:02,39.93,8.53,50.0,93,100,1.99
518,Sibu,MY,2020-11-28 05:19:37,2.3,111.82,87.8,62,40,6.93
519,Portland,US,2020-11-28 05:19:33,45.52,-122.68,39.99,93,90,5.82
520,Novyy Starodub,UA,2020-11-28 05:24:03,48.52,33.17,32.0,84,90,2.57
521,Araouane,ML,2020-11-28 05:24:03,18.9,-3.53,65.23,27,0,10.56
522,Abakaliki,NG,2020-11-28 05:24:03,6.32,8.12,74.57,94,15,3.18
523,Lerwick,GB,2020-11-28 05:24:03,60.15,-1.15,44.6,81,62,10.29
524,Marawi,PH,2020-11-28 05:24:03,8.0,124.29,84.99,79,33,5.99
525,Plouzane,FR,2020-11-28 05:24:03,48.38,-4.62,55.4,100,90,11.41
526,Cliza,BO,2020-11-28 05:24:04,-17.6,-65.93,59.0,62,100,3.36
527,Sagua La Grande,CU,2020-11-28 05:24:04,22.81,-80.08,68.0,94,20,1.12
528,Langsa,ID,2020-11-28 05:24:04,4.47,97.97,81.21,80,100,4.21
529,Shiyan,CN,2020-11-28 05:24:04,32.65,110.78,46.0,39,100,2.62
530,Bayonet Point,US,2020-11-28 05:24:04,28.33,-82.68,71.01,94,2,3.53
531,Panzhihua,CN,2020-11-28 05:24:04,26.59,101.71,68.32,49,69,1.7
532,Byron Bay,AU,2020-11-28 05:23:21,-28.65,153.62,88.0,54,30,16.11
533,Tadine,NC,2020-11-28 05:24:04,-21.55,167.88,75.87,68,53,15.73
534,Bayan,CN,2020-11-28 05:24:04,46.08,127.4,13.46,93,0,9.51
535,Bushehr,IR,2020-11-28 05:24:05,28.97,50.84,64.4,93,90,11.41
536,Tefe,BR,2020-11-28 05:24:05,-3.35,-64.71,74.23,96,81,1.9
537,Ushtobe,KZ,2020-11-28 05:24:05,45.25,77.98,36.54,75,100,13.04
538,Paita,PE,2020-11-28 05:24:05,-5.09,-81.11,65.52,80,54,8.79
539,Sevsk,RU,2020-11-28 05:24:05,52.15,34.49,34.29,95,99,5.44
540,Sorong,ID,2020-11-28 05:21:14,-0.88,131.25,82.13,75,82,4.68
541,Madras,IN,2020-11-28 05:23:18,13.09,80.28,86.0,79,40,6.93
542,Tevaitoa,PF,2020-11-28 05:24:05,-16.78,-151.5,81.68,75,68,4.0
543,Kargasok,RU,2020-11-28 05:24:05,59.06,80.86,5.22,94,22,6.71
544,Itaueira,BR,2020-11-28 05:24:06,-7.6,-43.03,76.41,62,100,6.85
545,Hualmay,PE,2020-11-28 05:24:06,-11.1,-77.61,65.48,76,67,5.41
546,Celestun,MX,2020-11-28 05:24:06,20.87,-90.4,75.11,82,1,12.48
547,Yar-Sale,RU,2020-11-28 05:24:06,66.83,70.83,2.39,93,1,9.4
548,Blythe,US,2020-11-28 05:23:11,33.61,-114.6,53.6,17,1,11.41
549,Gazojak,TM,2020-11-28 05:24:06,41.19,61.4,34.07,87,0,5.32
550,Beyneu,KZ,2020-11-28 05:24:07,45.32,55.2,29.46,95,0,3.76
551,Kang,BW,2020-11-28 05:24:07,-23.68,22.79,76.87,53,12,17.98
552,Olafsvik,IS,2020-11-28 05:24:07,64.89,-23.71,34.86,81,94,39.55
553,Adrasmon,TJ,2020-11-28 05:24:07,40.65,69.99,33.8,96,90,15.66
554,Ampanihy,MG,2020-11-28 05:24:07,-24.7,44.75,79.18,64,83,11.5
555,Ostrovnoy,RU,2020-11-28 05:24:07,68.05,39.51,27.16,96,88,20.78
556,Jijiang,CN,2020-11-28 05:24:08,29.29,106.25,52.0,84,100,2.55
557,Dubbo,AU,2020-11-28 05:24:08,-32.25,148.62,102.2,15,21,24.16
558,Beira,MZ,2020-11-28 05:24:08,-19.84,34.84,84.2,74,75,13.87
559,Yeppoon,AU,2020-11-28 05:24:08,-23.13,150.73,86.0,37,3,9.17
560,Slave Lake,CA,2020-11-28 05:24:08,55.28,-114.77,30.2,63,90,2.24
561,Petropavlovsk-Kamchatskiy,RU,2020-11-28 05:23:01,53.05,158.65,28.4,74,40,8.95
562,Amudat,UG,2020-11-28 05:24:08,1.95,34.95,72.68,63,2,7.74
563,The Valley,AI,2020-11-28 05:22:04,18.22,-63.06,78.01,83,20,2.24
564,Promyshlennovskiy,RU,2020-11-28 05:24:08,55.48,86.2,5.0,92,0,1.34
565,Sar-E Pul,AF,2020-11-28 05:24:09,35.83,66.17,38.03,70,100,1.95
566,Margherita,IN,2020-11-28 05:24:09,27.28,95.68,75.2,60,40,4.7
567,Ulladulla,AU,2020-11-28 05:24:09,-35.35,150.47,102.2,14,69,19.46
568,Makakilo City,US,2020-11-28 05:24:09,21.35,-158.09,75.2,69,1,3.36
